Dis No,Year,Seq,Glide,Disaster Group,Disaster Subgroup,Disaster Type,Disaster Subtype,Disaster Subsubtype,Event Name,Country,ISO,Region,Continent,Location,Origin,Associated Dis,Associated Dis2,OFDA Response,Appeal,Declaration,AID Contribution ('000 US$),Dis Mag Value,Dis Mag Scale,Latitude,Longitude,Local Time,River Basin,Start Year,Start Month,Start Day,End Year,End Month,End Day,Total Deaths,No Injured,No Affected,No Homeless,Total Affected,Reconstruction Costs ('000 US$),"Reconstruction Costs, Adjusted ('000 US$)",Insured Damages ('000 US$),"Insured Damages, Adjusted ('000 US$)",Total Damages ('000 US$),"Total Damages, Adjusted ('000 US$)",CPI,Adm Level,Admin1 Code,Admin2 Code,Geo Locations
1928-0005-TUR,1928,0005,,Natural,Geophysical,Earthquake,Ground movement,,,Turkey,TUR,Western Asia,Asia,Torbah-Izmir,,,,,,,,,Richter,38.25 N,27.10 E,,,1928,3,30,1928,3,30,50,209,,,209,,,,,,,5.8805102198896,,,,
1938-0002-TUR,1938,0002,,Natural,Geophysical,Earthquake,Ground movement,,,Turkey,TUR,Western Asia,Asia,Kirsehir,,,,,,,,7,Richter,39.508,33.872,13:59,,1938,4,19,1938,4,19,149,800,,,800,,,,,,,4.8206508197932,,,,
1939-0010-TUR,1939,0010,,Natural,Geophysical,Earthquake,Ground movement,,,Turkey,TUR,Western Asia,Asia,Erzincan (Anatolia),,Tsunami/Tidal wave,,,,,,8,Richter,39.771,39.57,02:57,,1939,12,27,1939,12,27,32962,,585000,,585000,,,,,20000,419844,4.763669131616,,,,
1939-0008-TUR,1939,0008,,Natural,Geophysical,Earthquake,Ground movement,,,Turkey,TUR,Western Asia,Asia,"Erzican, Tercan region",,,,,,,,6,Richter,39.7,10.4,11:43,,1939,11,21,1939,11,21,13,,,,,,,,,,,4.763669131616,,,,
1939-0023-TUR,1939,0023,,Natural,Geophysical,Earthquake,Ground movement,,,Turkey,TUR,Western Asia,Asia,Dikili,,,,,,,,6,Richter,39.209,27.164,03:36,,1939,9,22,1939,9,22,60,68,,,68,,,,,,,4.763669131616,,,,
1940-0007-TUR,1940,0007,,Natural,Geophysical,Earthquake,Ground movement,,,Turkey,TUR,Western Asia,Asia,"Develi-Erciyes, Kayseri",,,,,,,,,Richter,38.4,35.5,,,1940,2,20,1940,2,20,37,,,,,,,,,,,4.7978581445223,,,,
1942-0011-TUR,1942,0011,,Natural,Geophysical,Earthquake,Ground movement,,,Turkey,TUR,Western Asia,Asia,"Niksar, Erbaa Tokat ",,,,,,,,7,Richter,40.87,36.732,17:03,,1942,12,20,1942,12,20,3000,,,,,,,,,,,5.5956017790036,,,,
1943-0014-TUR,1943,0014,,Natural,Geophysical,Earthquake,Ground movement,,,Turkey,TUR,Western Asia,Asia,"Ladik, Samsun, Havza",,,,,,,,8,Richter,40.916,33.562,01:20,,1943,11,27,1943,11,27,4020,5000,,,5000,,,,,40000,674981,5.9260955704314,,,,
1944-0003-TUR,1944,0003,,Natural,Geophysical,Earthquake,Ground movement,,,Turkey,TUR,Western Asia,Asia,Bolu Gerede (West Anatolia),,,,,,,,8,Richter,40.696,32.992,06:22,,1944,2,1,1944,2,1,3959,,,,,,,,,,,6.0286626091504,,,,
1944-0010-TUR,1944,0010,,Natural,Geophysical,Earthquake,Ground movement,,,Turkey,TUR,Western Asia,Asia,Ayvalik Edremit,,,,,,,,7,Richter,39.502,26.596,05:34,,1944,10,6,1944,10,6,27,,,,,,,,,,,6.0286626091504,,,,
1946-0012-TUR,1946,0012,,Natural,Geophysical,Earthquake,Ground movement,,,Turkey,TUR,Western Asia,Asia," 
Diyarbakir Varto-Hinis, Ustukran (Eastern Turkey)",,,,,,,,6,Richter,39.3,41.2,06:12,,1946,5,31,1946,5,31,840,,,,,,,,,,,6.6782538543708,,,,
1948-0017-TUR,1948,0017,,Natural,Hydrological,Flood,,,,Turkey,TUR,Western Asia,Asia,,,,,,,,,,Km2,,,,,1948,2,,1948,2,,200,,,,,,,,,,,8.2281557727913,,,,
1948-0021-TUR,1948,0021,,Natural,Hydrological,Flood,,,,Turkey,TUR,Western Asia,Asia,,,,,,,,,,Km2,,,,,1948,6,,1948,6,,132,,,,,,,,,,,8.2281557727913,,,,
1949-0019-TUR,1949,0019,,Natural,Geophysical,Earthquake,Ground movement,,,Turkey,TUR,Western Asia,Asia,Karliova (Anatolia),,,,,,,,7,Richter,39,40.5,21:43,,1949,8,17,1949,8,17,320,355,,,355,,,,,,,8.1483814093431,,,,
1951-0015-TUR,1951,0015,,Natural,Geophysical,Earthquake,Ground movement,,,Turkey,TUR,Western Asia,Asia,Kursunlu-Ilgaz,,,,,,,,7,Richter,40.8,33.4,21:33,,1951,8,13,1951,8,13,54,150,,,150,,,,,,,8.8891433556471,,,,
1952-0009-TUR,1952,0009,,Natural,Geophysical,Earthquake,Ground movement,,,Turkey,TUR,Western Asia,Asia,"Adana-Misis, Ceyhan",,,,,,,,5,Richter,36.5,35.5,,,1952,10,22,1952,10,22,20,,,,,,,,,,,9.0942774330851,,,,
1952-0014-TUR,1952,0014,,Natural,Geophysical,Earthquake,Ground movement,,,Turkey,TUR,Western Asia,Asia,Hasankale (Erzurum province),,,,,,,,6,Richter,39.9,41.7,08:03,,1952,1,3,1952,1,3,103,250,,,250,,,,,,,9.0942774330851,,,,
1953-0010-TUR,1953,0010,,Natural,Geophysical,Earthquake,Ground movement,,,Turkey,TUR,Western Asia,Asia,"Canakkale, Balikesir, Yenice, Onon",,,,,,,,7,Richter,40.175,27.648,22:06,,1953,3,18,1953,3,18,1200,,50000,,50000,,,,,3570,38963,9.1626554588977,,,,
1956-0042-TUR,1956,0042,,Natural,Hydrological,Flood,,,,Turkey,TUR,Western Asia,Asia,,,,,,,,,,Km2,,,,,1956,8,,1956,8,,138,,,,,,,,,,,9.2885315312835,,,,
1957-0016-TUR,1957,0016,,Natural,Geophysical,Earthquake,Ground movement,,,Turkey,TUR,Western Asia,Asia,Abant (Bolu province),,,,,,,,7,Richter,40.7,30.9,09:33,,1957,5,26,1957,5,26,53,119,,,119,,,,,,,9.5989040625491,,,,
1957-0036-TUR,1957,0036,,Natural,Hydrological,Flood,,,,Turkey,TUR,Western Asia,Asia,,,,,,,,,,Km2,,,,,1957,9,,1957,9,,99,,,,,,,,,,,9.5989040625491,,,,
1964-0028-TUR,1964,0028,,Natural,Meteorological,Storm,Convective storm,Hail,,Turkey,TUR,Western Asia,Asia,Southern,,,,Yes,,,,,Kph,,,,,1964,5,8,1964,5,8,,,12000,,12000,,,,,2200,20758,10.5983760170141,,,,
1964-0059-TUR,1964,0059,,Natural,Geophysical,Earthquake,Ground movement,,,Turkey,TUR,Western Asia,Asia,"Manyas, Bursa, Balikesir provinces (West)",,,,Yes,,,,7,Richter,40.203,28.206,17:31,,1964,10,6,1964,10,6,23,100,13000,,13100,,,,,5000,47177,10.5983760170141,,,,
1964-0015-TUR,1964,0015,,Natural,Biological,Epidemic,Viral disease,,,Turkey,TUR,Western Asia,Asia,Adana Province,,,,Yes,,,,,Vaccinated,,,,,1964,2,,1964,2,,19,,2500,,2500,,,,,,,10.5983760170141,,,,
1964-0018-TUR,1964,0018,,Natural,Hydrological,Flood,,,,Turkey,TUR,Western Asia,Asia,Western-Eskisehir,,,,Yes,,,,,Km2,,,,,1964,3,10,1964,3,10,,,3000,,3000,,,,,,,10.5983760170141,,,,
1965-0008-TUR,1965,0008,,Natural,Biological,Epidemic,Viral disease,,,Turkey,TUR,Western Asia,Asia,,,,,,,,,,Vaccinated,,,,,1965,2,,1965,2,,461,,100000,,100000,,,,,,,10.7663787252722,,,,
1966-0058-TUR,1966,0058,,Natural,Geophysical,Earthquake,Ground movement,,,Turkey,TUR,Western Asia,Asia,Mus province,,,,,,,,,Richter,38.5,41.3,,,1966,7,3,1966,7,3,14,,,,,,,,,,,11.0909971475822,,,,
1966-0062-TUR,1966,0062,,Natural,Geophysical,Earthquake,Ground movement,,,Turkey,TUR,Western Asia,Asia, Mus Varto,,,,Yes,,,,7,Richter,39.235,41.572,15:22,,1966,8,19,1966,8,19,2394,1500,108000,,109500,,,,,20000,180326,11.0909971475822,,,,
1967-0047-TUR,1967,0047,,Natural,Geophysical,Earthquake,Ground movement,,,Turkey,TUR,Western Asia,Asia,"(1) West Turkey - (2) East Turkey - (3) West Turkey; Mudurnu, Adapazari",,,,Yes,,,,7,Richter,40.751,30.8,19:57,,1967,7,22,1967,7,22,183,360,238713,87000,326073,,,,,3000,26319,11.3985269797253,,,,
1968-0071-TUR,1968,0071,,Natural,Geophysical,Earthquake,Ground movement,,,Turkey,TUR,Western Asia,Asia,"Bartin, Amasra, Cakraz (North Anatolia)",,Tsunami/Tidal wave,,,,,,7,Richter,41.86,32.463,11:19,,1968,9,3,1968,9,3,24,200,10000,10000,20200,,,,,,,11.8854465143325,,,,
1968-0039-TUR,1968,0039,,Natural,Biological,Epidemic,Viral disease,,Polio,Turkey,TUR,Western Asia,Asia,Countrywide (Except East),,,,Yes,,,,,Vaccinated,,,,,1968,4,,1968,4,,98,,1975,,1975,,,,,,,11.8854465143325,,,,
1968-0134-TUR,1968,0134,,Natural,Hydrological,Flood,,,,Turkey,TUR,Western Asia,Asia,Igel,,,,,,,,,Km2,,,,,1968,12,28,1968,12,28,147,,,,,,,,,,,11.8854465143325,,,,
1969-0059-TUR,1969,0059,,Natural,Geophysical,Earthquake,Ground movement,,,Turkey,TUR,Western Asia,Asia,"West Alasehir, Sarigol, Kirz",,,,,,,,7,Richter,38.515,28.546,04:48,,1969,3,28,1969,3,28,53,350,,,350,,,,,,,12.5346752600948,,,,
1970-0019-TUR,1970,0019,,Natural,Geophysical,Earthquake,Ground movement,,,Turkey,TUR,Western Asia,Asia,Kutahya Gediz,,,,Yes,,,,7,Richter,39.098,29.570,,,1970,3,28,1970,3,28,1086,2776,80672,,83448,,,,,55600,419101,13.2664799609959,,,,
1971-0030-TUR,1971,0030,,Natural,Geophysical,Earthquake,Ground movement,,,Turkey,TUR,Western Asia,Asia,Burdur,,,,,,,,6,Richter,37.6,29.8,09:25,,1971,5,12,1971,5,12,57,,,,,,,,,,,13.8359835495998,,,,
1971-0034-TUR,1971,0034,,Natural,Geophysical,Earthquake,Ground movement,,,Turkey,TUR,Western Asia,Asia,"Bingol, Erzincan",,,,Yes,,,,7,Richter,38.934,40.653,19:43,,1971,5,22,1971,5,22,878,1200,60000,27465,88665,,,,,5000,36138,13.8359835495998,,,,
1972-0020-TUR,1972,0020,,Natural,Meteorological,Storm,Convective storm,Winter storm/Blizzard,,Turkey,TUR,Western Asia,Asia,Istanbul,,,,,,,,,Kph,,,,,1972,2,4,1972,2,4,30,,,,,,,,,,,14.2887340027309,,,,
1974-0057-TUR,1974,0057,,Natural,Hydrological,Flood,,,,Turkey,TUR,Western Asia,Asia,Silopi,,,,,,,,,Km2,,,,,1974,11,19,1974,11,19,33,,,,,,,,,,,16.8486291063234,,,,
1975-0053-TUR,1975,0053,,Natural,Geophysical,Earthquake,Ground movement,,,Turkey,TUR,Western Asia,Asia," Diyarbakir Hazro, Hani, Kulp,Lice",,,,Yes,,,,7,Richter,38.474,40.723,12:20,,1975,9,6,1975,9,6,2385,3372,50000,,53372,,,,,17000,92446,18.3891290650193,,,,
1976-0029-TUR,1976,0029,,Natural,Geophysical,Earthquake,Ground movement,,,Turkey,TUR,Western Asia,Asia,,,,,,,,,5,Richter,41.13,43.01,14:55,,1976,3,25,1976,3,25,2,6,,,6,,,,,,,19.4455440893725,,,,
1976-0056-TUR,1976,0056,,Natural,Geophysical,Earthquake,Ground movement,,,Turkey,TUR,Western Asia,Asia,Denizli,,,,,,,,5,Richter,37.7,28.89,04:12,,1976,8,19,1976,8,19,4,50,,9000,9050,,,,,,,19.4455440893725,,,,
1976-0075-TUR,1976,0075,,Natural,Geophysical,Earthquake,Ground movement,,,Turkey,TUR,Western Asia,Asia,Muradiye Van ,,,,Yes,,,,7,Richter,39.121,44.029,15:22,,1976,11,24,1976,11,24,3840,15000,150000,51000,216000,,,,,25000,128564,19.4455440893725,,,,
1976-0170-TUR,1976,0170,,Natural,Hydrological,Landslide,Landslide,,,Turkey,TUR,Western Asia,Asia,Ordu province,,,,,,,,,,,,,,1976,9,12,1976,9,12,40,,,,,,,,,,,19.4455440893725,,,,
1976-0180-TUR,1976,0180,,Natural,Hydrological,Landslide,Landslide,,,Turkey,TUR,Western Asia,Asia,,,,,,,,,,,,,,,1976,2,,1976,2,,27,,,,,,,,,,,19.4455440893725,,,,
1977-0052-TUR,1977,0052,,Natural,Geophysical,Earthquake,Ground movement,,,Turkey,TUR,Western Asia,Asia,"Lice-Palu, Elazig Province",,,,,,,,5,Richter,38.56,40.02,05:39,,1977,3,25,1977,3,25,30,,,,,,,,,,,20.7098324994209,,,,
1977-0099-TUR,1977,0099,,Natural,Biological,Epidemic,Parasitic disease,,,Turkey,TUR,Western Asia,Asia,,,,,,,,,,Vaccinated,,,,,1977,8,,1977,8,,,,100000,,100000,,,,,,,20.7098324994209,,,,
1978-0018-TUR,1978,0018,,Natural,Biological,Epidemic,Parasitic disease,,,Turkey,TUR,Western Asia,Asia,Countrywide,,,,,,,,,Vaccinated,,,,,1978,1,1,1978,1,1,,,,,,,,,,,,22.2901950366959,,,,
1978-0263-TUR,1978,0263,,Natural,Geophysical,Earthquake,Ground movement,,,Turkey,TUR,Western Asia,Asia,"Pulumur, Erzincan",,,,,,,,5,Richter,36.69,39.79,06:17,,1978,2,15,1978,2,15,,20,125,2500,2645,,,,,,,22.2901950366959,,,,
1980-0353-TUR,1980,0353,,Natural,Hydrological,Landslide,Landslide,,,Turkey,TUR,Western Asia,Asia,Ayvazhau village (Kayseri province),,,,,,,,,,,,,,1980,3,27,1980,3,27,40,,,,,,,,,,,28.1588866338069,,,,
1980-0034-TUR,1980,0034,,Natural,Hydrological,Flood,,,,Turkey,TUR,Western Asia,Asia,Anatolia,,,,,,,,,Km2,,,,,1980,3,,1980,3,,75,,60000,,60000,,,,,15000,53269,28.1588866338069,,,,
1981-0270-TUR,1981,0270,,Natural,Hydrological,Flood,,,,Turkey,TUR,Western Asia,Asia,Western,,,,,,,,,Km2,,,,,1981,12,17,1981,12,17,10,,,,,,,,,,,31.0690249461021,,,,
1983-0136-TUR,1983,0136,,Natural,Geophysical,Earthquake,Ground movement,,,Turkey,TUR,Western Asia,Asia,"Khorasan, Pasinler, Narman (Erzurum province), Kars provinces",,,,Yes,Yes,,,7,Richter,40.33,42.187,7:12,,1983,10,30,1983,10,30,1346,1137,800000,33000,834137,,,,,25000,73458,34.033263629163,,,,
1984-0086-TUR,1984,0086,,Natural,Geophysical,Earthquake,Ground movement,,,Turkey,TUR,Western Asia,Asia,Olur-Senkaya area,,,,,No,No,,,Richter,40.89 N,42.22 E,,,1984,9,18,1984,9,18,3,38,375000,,375038,,,,,,,35.4968811298231,,,,
1984-0413-TUR,1984,0413,,Natural,Geophysical,Earthquake,Ground movement,,,Turkey,TUR,Western Asia,Asia,Erzurum-Senkaya area,,,,,No,No,,5,Richter,40.55 N,42.40 E,,,1984,10,18,1984,10,18,3,35,375000,,375035,,,,,,,35.4968811298231,,,,
1984-0284-TUR,1984,0284,,Natural,Hydrological,Flood,Flash flood,,,Turkey,TUR,Western Asia,Asia,SouthEast,,,,,,,,,Km2,,,,,1984,5,,1984,5,,,,200,,200,,,,,,,35.4968811298231,,,,
1985-0194-TUR,1985,0194,,Natural,Geophysical,Earthquake,Ground movement,,,Turkey,TUR,Western Asia,Asia,"ERZURUM, KARS, AGRI, ARTVIN",,,,,,,,4,Richter,40.31,42.307,10:26,,1985,11,7,1985,11,7,,14,565,,579,,,,,,,36.7554679439105,,,,
1985-0278-TUR,1985,0278,,Natural,Climatological,Wildfire,Forest fire,,,Turkey,TUR,Western Asia,Asia,Kusadasi,,,,,,,,11,Km2,,,,,1985,9,6,1985,9,6,13,,,,,,,,,,,36.7554679439105,,,,
1986-0058-TUR,1986,0058,,Natural,Geophysical,Earthquake,Ground movement,,,Turkey,TUR,Western Asia,Asia,"Malatya, Adiyaman provinces",,,,,No,No,,6,Richter,37.993 N,37.806 E,,,1986,5,5,1986,5,5,15,100,20000,,20100,,,,,,,37.4531116621934,,,,
1986-0183-TUR,1986,0183,,Natural,Geophysical,Earthquake,Ground movement,,,Turkey,TUR,Western Asia,Asia,Aydin area,,,,,No,No,,6,Richter,37.931 N,28.574 E,,,1986,10,11,1986,10,11,,3,750,250,1003,,,,,,,37.4531116621934,,,,
1987-0382-TUR,1987,0382,,Natural,Meteorological,Extreme temperature,Cold wave,,,Turkey,TUR,Western Asia,Asia,Istanbul,,,,,,,,,°C,,,,,1987,3,,1987,3,,30,,,,,,,,,,,38.8256008137732,,,,
1987-0140-TUR,1987,0140,,Natural,Biological,Epidemic,Bacterial disease,,Cholera,Turkey,TUR,Western Asia,Asia,Southern,,,,,,,,,Vaccinated,,,,,1987,8,,1987,8,,11,,150,,150,,,,,,,38.8256008137732,,,,
1988-0684-TUR,1988,0684,,Natural,Hydrological,Flood,Flash flood,,,Turkey,TUR,Western Asia,Asia,Ankara,,,,,,,,,Km2,,,,,1988,6,13,1988,6,13,13,,1000,500,1500,,,,,,,40.4088060501708,,,,
1988-0273-TUR,1988,0273,,Natural,Hydrological,Landslide,Landslide,,,Turkey,TUR,Western Asia,Asia,Catak (Trabzon province),,,,Yes,,,,,,,,,,1988,6,23,1988,6,23,64,130,305,185,620,,,,,,,40.4088060501708,,,,
1990-0023-TUR,1990,0023,,Natural,Hydrological,Flood,Riverine flood,,,Turkey,TUR,Western Asia,Asia,"Giresun, Gumushane, Trazbon provinces",Heavy rain,,,Yes,No,No,,20700,Km2,,,,,1990,6,18,1990,6,21,51,,4500,,4500,,,,,150000,335977,44.6458774383636,,,,
1990-0634-TUR,1990,0634,,Natural,Hydrological,Flood,Riverine flood,,,Turkey,TUR,Western Asia,Asia,"Kahraman Maras Province, Bingol Province, Gazientep",Heavy rain,,,,No,No,,,Km2,,,,,1990,2,18,1990,2,19,18,,,,,,,,,,,44.6458774383636,,,,
1991-0714-TUR,1991,0714,,Natural,Hydrological,Flood,Flash flood,,,Turkey,TUR,Western Asia,Asia,"Diyarbakir, Malatya, Adiyaman, Elazig, Bingol, Mus provinces",Brief torrential rain,,,,No,No,,40170,Km2,,,,,1991,5,16,1991,5,17,42,,500,,500,,,,,25000,53721,46.5366206057622,,,,
1991-0548-TUR,1991,0548,,Natural,Meteorological,Storm,,,,Turkey,TUR,Western Asia,Asia,"Van, Bitlis, Hakkari Provinces ( Western and Central Turkey)",,,,,,,,100,Kph,,,,,1991,12,8,1991,12,8,1,3,,,3,,,,,,,46.5366206057622,,,,
1992-0022-TUR,1992,0022,,Natural,Geophysical,Earthquake,Ground movement,,,Turkey,TUR,Western Asia,Asia,Erzican province,,"Slide (land, mud, snow, rock)",,Yes,No,No,11213,7,Richter,39.710 N,39.605 E,20:19,,1992,3,13,1992,3,13,653,3850,250000,95000,348850,,,10800,22525,750000,1564256,47.9461296367986,,,,
1992-0010-TUR,1992,0010,,Natural,Geophysical,Mass movement (dry),Avalanche,,,Turkey,TUR,Western Asia,Asia,"Sirnak, Siirt, Elazig, Batman, Bingol, Diyarbakir, Hakkari, Tunceli provinces",,,,Yes,No,No,,,,,,,,1992,1,1,1992,2,7,261,69,1000,,1069,,,,,,,47.9461296367986,,,,
1993-0081-TUR,1993,0081,,Natural,Hydrological,Landslide,Avalanche,,,Turkey,TUR,Western Asia,Asia,Ozengeli,,,,,,,,,,,,,,1993,1,18,1993,1,18,135,,,,,,,,,,,49.3613321649381,,,,
1994-0027-TUR,1994,0027,,Natural,Meteorological,Extreme temperature,Severe winter conditions,,,Turkey,TUR,Western Asia,Asia,Eastern and North-East,,,,,,,,,°C,,,,,1994,2,14,1994,2,14,,,8000,,8000,,,,,,,50.6484026622566,,,,
1994-0362-TUR,1994,0362,,Natural,Meteorological,Storm,,,,Turkey,TUR,Western Asia,Asia,Black sea,,,,,,,,,Kph,,,,,1994,10,19,1994,10,19,30,,,,,,,,,,,50.6484026622566,,,,
1995-0147-TUR,1995,0147,,Natural,Hydrological,Landslide,Mudslide,,,Turkey,TUR,Western Asia,Asia,"Ankara, Istanbul, Senirkent",,"Slide (land, mud, snow, rock)",,,No,No,,,,,,,,1995,7,10,1995,7,13,74,46,10000,2000,12046,,,,,26000,49933,52.0692986874991,,,,
1995-0233-TUR,1995,0233,,Natural,Geophysical,Earthquake,Ground movement,,,Turkey,TUR,Western Asia,Asia,"Dinar, Evciler",,,,Yes,No,No,1981,6,Richter,38.0 N,30.1 E,17:57,,1995,10,1,1995,10,1,94,240,120000,40000,160240,,,,,205800,395243,52.0692986874991,,,,
1995-0072-TUR,1995,0072,,Natural,Hydrological,Flood,Riverine flood,,,Turkey,TUR,Western Asia,Asia,Bitlis (Eastern Turkey),,,,,,,,,Km2,,,,,1995,5,2,1995,5,2,,1,200,,201,,,,,23500,45132,52.0692986874991,,,,
1995-0273-TUR,1995,0273,,Natural,Hydrological,Flood,,,,Turkey,TUR,Western Asia,Asia,"Izmir, Antalaya, Isparta",Heavy rain,,,,No,No,,14860,Km2,,,,,1995,11,4,1995,11,8,63,117,300000,6500,306617,,,,,50000,96026,52.0692986874991,,,,
1996-0461-TUR,1996,0461,,Natural,Geophysical,Earthquake,Ground movement,,,Turkey,TUR,Western Asia,Asia,Corum-Amasya,,"Slide (land, mud, snow, rock)",,,No,No,,,Richter,40.754 N,35.340 E,,,1996,8,14,1996,8,14,,6,17000,9000,26006,,,,,30000,55975,53.5955608540084,,,,
1996-0175-TUR,1996,0175,,Natural,Climatological,Wildfire,Forest fire,,,Turkey,TUR,Western Asia,Asia,Near Marmaris,,,,,,,,15,Km2,,,,,1996,7,31,1996,7,31,,,500,,500,,,,,,,53.5955608540084,,,,
1998-0201-TUR,1998,0201,,Natural,Geophysical,Earthquake,Ground movement,,,Turkey,TUR,Western Asia,Asia,"Adana, Ceyhan, Hatay",,,,,,,1740,6,Richter,3.878,35.307,17:00,,1998,6,28,1998,6,28,145,1600,1500000,88000,1589600,,,,,550000,987435,55.6998628053472,,,,
1998-0207-TUR,1998,0207,,Natural,Geophysical,Earthquake,Ground movement,,,Turkey,TUR,Western Asia,Asia,"Geyhan, Adana area",,,,,No,No,,5,Richter,36.874 N,35.321 E,05:15,,1998,7,4,1998,7,4,,1016,,,1016,,,,,,,55.6998628053472,,,,
1998-0167-TUR,1998,0167,,Natural,Hydrological,Flood,Flash flood,,,Turkey,TUR,Western Asia,Asia,"Zonguldak, Karabuk, Bartin, Sakarya",Brief torrential rain,,,,No,No,,,Km2,,,,Bartin,1998,5,20,1998,5,23,10,47,1200000,40000,1240047,,,,,1000000,1795337,55.6998628053472,,,,
1998-0189-TUR,1998,0189,,Natural,Hydrological,Flood,Flash flood,,,Turkey,TUR,Western Asia,Asia,Diyarbajir,,,,,,,,,Km2,,,,,1998,6,12,1998,6,12,22,,,,,,,,,,,55.6998628053472,,,,
1998-0255-TUR,1998,0255,,Natural,Hydrological,Flood,Flash flood,,,Turkey,TUR,Western Asia,Asia,"Beskoy (Trabzon province), Rize province",Brief torrential rain,,,,No,No,,,Km2,,,,,1998,8,10,1998,8,11,60,,1000,,1000,,,,,,,55.6998628053472,,,,
1998-0588-TUR,1998,0588,,Natural,Geophysical,Earthquake,Ground movement,,,Turkey,TUR,Western Asia,Asia,Kayseri,,,,,No,No,,5,Richter,,,,,1998,12,14,1998,12,14,2,,590,100,690,,,,,,,55.6998628053472,,,,
1999-0449-TUR,1999,0449,,Natural,Geophysical,Earthquake,Ground movement,,,Turkey,TUR,Western Asia,Asia,"Duzce, Bolu, Kaynasli",,"Slide (land, mud, snow, rock)",,Yes,Yes,,14636,7,Richter,40.758,31.161,18:58,,1999,11,12,1999,11,12,845,4948,165000,55000,224948,10000000,17568953,,,1000000,1756895,56.9185870408555,,,,
1999-0268-TUR,1999,0268,,Natural,Geophysical,Earthquake,Ground movement,,,Turkey,TUR,Western Asia,Asia,"Izmit, Kocaeli, Yalova, Golcuk, Zonguldak, Sakarya, Tekirdag, Istanbul, Bursa, Eskisehir, Bolu",,,,Yes,,Yes,116413,8,Richter,40.748,29.864,03:02,,1999,8,17,1999,8,17,17127,43953,715000,600000,1358953,25000000,43922383,2000000,3513791,20000000,35137907,56.9185870408555,,,,
1999-0314-TUR,1999,0314,,Natural,Geophysical,Earthquake,Ground movement,,,Turkey,TUR,Western Asia,Asia,"Kocaeli, Bursa, Istanbul, Sakarya, Yalova Provinces",,,,,,,,6,Richter,40.709,30.045,14:58,,1999,9,13,1999,9,13,6,422,,,422,,,,,,,56.9185870408555,,,,
1999-0376-TUR,1999,0376,,Natural,Geophysical,Earthquake,Ground movement,,,Turkey,TUR,Western Asia,Asia,Marmaris,,,,,,,,5,Richter,,,3:53,,1999,10,5,1999,10,5,,103,,,103,,,,,,,56.9185870408555,,,,
1999-0386-TUR,1999,0386,,Natural,Geophysical,Earthquake,Ground movement,,,Turkey,TUR,Western Asia,Asia,Izmit,,,,,,,,5,Richter,40.711,29.949,11:10,,1999,8,31,1999,8,31,1,166,,,166,,,,,,,56.9185870408555,,,,
1999-0445-TUR,1999,0445,,Natural,Geophysical,Earthquake,Ground movement,,,Turkey,TUR,Western Asia,Asia,Sakarya Province,,,,,,,,7,Richter,40.758,31.161,16:40,,1999,11,11,1999,11,11,3,200,,,200,,,,,,,56.9185870408555,,,,
2000-0381-TUR,2000,0381,,Natural,Meteorological,Extreme temperature,Heat wave,,,Turkey,TUR,Western Asia,Asia,"Adana, Adiyaman, Afyon, Agri, Aksaray, Amasya, Ankara, Antalya, Ardahan, Artvin, Aydin, Balikesir, Bartin, Batman, Bayburt, Bilecik, Bingol, Bitlis, Bolu, Burdur, Bursa, Canakkale, Cankiri, Corum, Denizli, Diyarbakir, Edirne, Elazig, Erzincan, Erzurum, Eskisehir, Gaziantep, Giresun, Gumushane, Hakkari, Hatay, Icel, Igdir, Isparta, Istanbul, Izmir, K.maras, Karabuk, Karaman, Kars, Kastamonu, Kayseri, Kilis, Kirikkale, Kirklareli, Kirsehir, Kocaeli, Konya, Kutahya, Malatya, Manisa, Mardin, Mugla, Mus, Nevsehir, Nigde, Ordu, Osmaniye, Rize, Sakarya, Samsun, Sanliurfa, Siirt, Sinop, Sirnak, Sivas, Tekirdag, Tokat, Trabzon, Tunceli, Usak, Van, Yalova, Yozgat, Zonguldak provinces",,Drought,,,,,,46,°C,,,,,2000,6,,2000,7,,11,300,,,300,,,,,1000,1700,58.8406484917497,1,3017;3018;3019;3020;3021;3022;3023;3024;3025;3026;3027;3028;3029;3030;3031;3032;3033;3034;3035;3036;3037;3038;3039;3040;3041;3042;3043;3044;3045;3046;3047;3048;3049;3050;3051;3052;3053;3054;3055;3056;3057;3058;3059;3060;3061;3062;3063;3064;3065;3066;3067;3068;3069;3070;3071;3072;3073;3074;3075;3076;3077;3078;3079;3080;3081;3082;3083;3084;3085;3086;3087;3088;3089;3090;3091;3092;3093;3094;3095;3096,,"Adana, Adiyaman, Afyon, Agri, Aksaray, Amasya, Ankara, Antalya, Ardahan, Artvin, Aydin, Balikesir, Bartin, Batman, Bayburt, Bilecik, Bingol, Bitlis, Bolu, Burdur, Bursa, Canakkale, Cankiri, Corum, Denizli, Diyarbakir, Edirne, Elazig, Erzincan, Erzurum, Eskisehir, Gaziantep, Giresun, Gumushane, Hakkari, Hatay, Icel, Igdir, Isparta, Istanbul, Izmir, K.maras, Karabuk, Karaman, Kars, Kastamonu, Kayseri, Kilis, Kirikkale, Kirklareli, Kirsehir, Kocaeli, Konya, Kutahya, Malatya, Manisa, Mardin, Mugla, Mus, Nevsehir, Nigde, Ordu, Osmaniye, Rize, Sakarya, Samsun, Sanliurfa, Siirt, Sinop, Sirnak, Sivas, Tekirdag, Tokat, Trabzon, Tunceli, Usak, Van, Yalova, Yozgat, Zonguldak (Adm1)."
2000-0272-TUR,2000,0272,,Natural,Geophysical,Earthquake,Ground movement,,,Turkey,TUR,Western Asia,Asia,Poturge district (Malatya province),,,,,,,,5,Richter,38.164,38.777,,,2000,5,7,2000,5,7,1,,1000,,1000,,,,,,,58.8406484917497,2,,28104,Poturge (Adm2).
2000-0291-TUR,2000,0291,,Natural,Geophysical,Earthquake,Ground movement,,,Turkey,TUR,Western Asia,Asia,"Cerkes, Orta districts (Cankiri province), Cubuk district (Ankara province)",,,,,,,,6,Richter,40.693,32.992,5:45,,2000,6,6,2000,6,6,2,80,23000,,23080,,,,,,,58.8406484917497,2,,27517;27694;27701,"Cerkes, Cubuk, Orta (Adm2)."
2000-0281-TUR,2000,0281,,Natural,Hydrological,Flood,Riverine flood,,,Turkey,TUR,Western Asia,Asia,"Carsamba, Salipazari districts (Samsun province), Tokat province",Heavy rains,,,,,,,17000,Km2,,,,,2000,5,27,2000,5,27,2,,1000,,1000,,,,,40000,67980,58.8406484917497,1;2,3089,28221;28226,"Tokat (Adm1). Carsamba, Salipazari (Adm2)."
2000-0188-TUR,2000,0188,,Natural,Climatological,Wildfire,Forest fire,,,Turkey,TUR,Western Asia,Asia,"Bursa, Canakkale, Balikesir provinces",,,,,,,,8,Km2,,,,,2000,4,5,2000,4,5,,,,350,350,,,,,,,58.8406484917497,1,3028;3037;3038,,"Balikesir, Bursa, Canakkale (Adm1)."
2000-0552-TUR,2000,0552,,Natural,Climatological,Wildfire,Forest fire,,,Turkey,TUR,Western Asia,Asia,"Karacahisar, Boncuklu, Vakifli city (Soma district, Manisa province), Canakkale province",,,,,,,,,Km2,,,,,2000,7,,2000,7,,,,,,,,,,,,,58.8406484917497,1;2,3038,28121,Canakkale (Adm1). Soma (Adm2).
2001-0358-TUR,2001,0358,,Natural,Geophysical,Earthquake,Ground movement,,,Turkey,TUR,Western Asia,Asia,Osmaniye province,,,,,,,,6,Richter,37.238,36.206,,,2001,6,25,2001,6,25,,130,350,,480,,,,,,,60.5035788853056,1,3079,,Osmaniye (Adm1).
2001-0748-TUR,2001,0748,,Natural,Geophysical,Earthquake,Ground movement,,,Turkey,TUR,Western Asia,Asia,Erzurum province,,,,,,,,5,Richter,39.832,41.623,,,2001,7,10,2001,7,10,,46,85,,131,,,,,,,60.5035788853056,1,3046,,Erzurum (Adm1).
2001-0188-TUR,2001,0188,,Natural,Hydrological,Flood,Riverine flood,,,Turkey,TUR,Western Asia,Asia,"Siverek, Halfeti districts (Sanliurfa province)",Heavy rain,,,,,,,4900,Km2,,,,,2001,3,8,2001,3,8,4,,450,,450,,,,,,,60.5035788853056,2,,28235;28239,"Halfeti, Siverek (Adm2)."
2001-0309-TUR,2001,0309,,Natural,Hydrological,Flood,Riverine flood,,,Turkey,TUR,Western Asia,Asia,"Antakya area (Merkez district, Hatay province), Konya province",Heavy rain,,,,,,,1610,Km2,,,,Orontes River,2001,5,7,2001,5,8,3,,1500,,1500,,,,,,,60.5035788853056,1;2,3069,27855,Konya (Adm1). Merkez (Adm2).
2001-0665-TUR,2001,0665,,Natural,Hydrological,Flood,Riverine flood,,,Turkey,TUR,Western Asia,Asia,"Konak district (Izmir province), Erdemli, Merkez, Tarsus districts (Icel province), Antalya, Adana provinces",Heavy rains,,,,,,,14880,Km2,,,,,2001,12,2,2001,12,9,5,,570,,570,,,,,25000,41320,60.5035788853056,1;2,3017;3024,27855;27863;27865;27868;27937,"Adana, Antalya (Adm1). Erdemli, Konak, Merkez, Tarsus (Adm2)."
2001-0616-TUR,2001,0616,,Natural,Hydrological,Landslide,Landslide,,,Turkey,TUR,Western Asia,Asia,"Camlihemsin, Cayeli, Ardesen districts (Rize province)",,,,,,,,,,,,,,2001,11,10,2001,11,10,9,,600,,600,,,,,,,60.5035788853056,2,,28191;28192;28193,"Ardesen, Camlihemsin, Cayeli (Adm2)."
2001-0689-TUR,2001,0689,,Natural,Meteorological,Extreme temperature,Cold wave,,,Turkey,TUR,Western Asia,Asia,"Uskudar, Bayrampasa distrcits (Istanbul province), Kirklareli, Cannakale provinces",,,,,,,,,°C,,,,,2001,12,17,2001,12,17,29,,,,,,,,,,,60.5035788853056,1;2,3038;3066,27892;27916,"Canakkale, Kirklareli (Adm1). Bayrampasa, Uskudar (Adm2)."
2002-0065-TUR,2002,0065,,Natural,Geophysical,Earthquake,Ground movement,,,Turkey,TUR,Western Asia,Asia,Bolvadin district (Afyon province),,,,,,,1982,7,Richter,38.573,31.271,9:11,,2002,2,3,2002,2,3,42,327,222000,30000,252327,,,,,95000,154564,61.4631882611914,2,,27472,Bolvadin (Adm2).
2002-0450-TUR,2002,0450,,Natural,Hydrological,Flood,Riverine flood,,,Turkey,TUR,Western Asia,Asia,"Cayeli city (Cayeli district, Rize province), Selamet area (Guneysu district, Rize province), Rize city (Merkez district, Rize province), Karalar area (Merkez district, Yozgat province), Kars, Mus, Corum provinces",Monsoonal rain,,,,,,,15130,Km2,,,,,2002,7,23,2002,7,27,34,,3000,,3000,,,,,,,61.4631882611914,1;2,3040;3061;3075,28193;28196;28201;28361,"Corum, Kars, Mus (Adm1). Cayeli, Guneysu, Merkez (Adm2)."
2002-0791-TUR,2002,0791,,Natural,Meteorological,Storm,,,,Turkey,TUR,Western Asia,Asia,"Tokat, Van, Kayseri, Istanbul, Ankara provinces",,,,,,,,,Kph,,,,,2002,12,20,2002,12,20,10,,,,,,,,,,,61.4631882611914,1,3023;3056;3063;3089;3093,,"Ankara, Istanbul, Kayseri, Tokat, Van (Adm1)."
2003-0050-TUR,2003,0050,,Natural,Geophysical,Earthquake,Ground movement,,,Turkey,TUR,Western Asia,Asia,Pulumur district (Tunceli province),,,,,,,,6,Richter,39.5,39.878,06:45,,2003,1,27,2003,1,27,1,2,,,2,,,,,,,62.8584595000413,2,,28328,Pulumur (Adm2).
2003-0627-TUR,2003,0627,,Natural,Hydrological,Flood,Riverine flood,,,Turkey,TUR,Western Asia,Asia,"Antalya, Doyran areas (Merkez district, Antalya province), Kumluca district (Antalya province)",Heavy rains,Rain,,,,,,1300,Km2,,,,,2003,12,24,2003,12,26,8,,,,,,,,,,,62.8584595000413,2,,27545;27547,"Kumluca, Merkez (Adm2)."
2003-0197-TUR,2003,0197,,Natural,Geophysical,Earthquake,Ground movement,,,Turkey,TUR,Western Asia,Asia,"Bingol, Celtiksuyu, Sancak, Gokdere, Gozeler villages (Merkez district, Bingol province)",,,,,,,424,6,Richter,39.007,40.464,03:27,,2003,5,1,2003,5,1,177,520,245000,45000,290520,,,1000,1591,135000,214768,62.8584595000413,2,,27624,Merkez (Adm2).
2003-0648-TUR,2003,0648,,Natural,Geophysical,Earthquake,Ground movement,,,Turkey,TUR,Western Asia,Asia,Buldan district (Denizli province),,,,,,,,5,Richter,38.111,28.887,03:00,,2003,7,26,2003,7,26,,,240,,240,,,,,,,62.8584595000413,2,,27725,Buldan (Adm2).
2003-0783-TUR,2003,0783,,Natural,Geophysical,Earthquake,Ground movement,,,Turkey,TUR,Western Asia,Asia,"Seferihisar, Konak districts (Izmir province)",,,,,,,,6,Richter,38.221,26.958,,,2003,4,10,2003,4,10,,170,,,170,,,,,,,62.8584595000413,2,,27937;27942,"Konak, Seferihisar (Adm2)."
2004-0132-TUR,2004,0132,,Natural,Geophysical,Earthquake,Ground movement,,,Turkey,TUR,Western Asia,Asia,"Askale, Ilica, Cat districts (Erzurum province)",,"Slide (land, mud, snow, rock)",,,,,,6,Richter,39.847,40.874,06:51,,2004,3,28,2004,3,28,,30,32500,,32530,,,,,,,64.5413292817447,2,,27780;27781;27784,"Askale, Cat, Ilica (Adm2)."
2004-0102-TUR,2004,0102,,Natural,Hydrological,Flood,Riverine flood,,,Turkey,TUR,Western Asia,Asia,"Ilica, Cat districts (Erzurum province), Silifke, Merkez district (Icel province), Ardahan, Kars, Mus, Agri, Konya, Batman, Bitlis provinces","Heavy rains, melting snow","Slide (land, mud, snow, rock)",,,,,,,Km2,,,,"Goksu, Pular, Carsamba, Cokelez, Forkun, Kura",2004,3,5,2004,3,9,15,,,50000,50000,,,,,,,64.5413292817447,1;2,3020;3025;3030;3034;3061;3069;3075,27781;27784;27865;27867,"Agri, Ardahan, Batman, Bitlis, Kars, Konya, Mus (Adm1). Cat, Ilica, Merkez, Silifke (Adm2)."
2004-0600-TUR,2004,0600,,Natural,Meteorological,Storm,Convective storm,Winter storm/Blizzard,,Turkey,TUR,Western Asia,Asia,"Istanbul, Ankara, Yozgat, Adana provinces",,Flood,,,,,,,Kph,,,,,2004,11,21,2004,11,22,14,121,600,,721,,,,,,,64.5413292817447,1,3017;3023;3056;3095,,"Adana, Ankara, Istanbul, Yozgat (Adm1)."
2004-0010-TUR,2004,0010,,Natural,Meteorological,Extreme temperature,Cold wave,,,Turkey,TUR,Western Asia,Asia,"Aragpir city (Malatya province), Istanbul, Ankara, Kayseri, Izmir, Bursa, Erzurum provinces",,Snow/ice,,,,,,-22,°C,,,,,2004,1,9,2004,1,10,10,,,,,,,,,,,64.5413292817447,1,3023;3037;3046;3056;3057;3063;3071,,"Ankara, Bursa, Erzurum, Istanbul, Izmir, Kayseri, Malatya (Adm1)."
2004-0274-TUR,2004,0274,,Natural,Meteorological,Storm,Convective storm,Tornado,,Turkey,TUR,Western Asia,Asia,"Sünlü village (Cubuk district, Ankara province)",,,,,,,,,Kph,,,,,2004,6,19,2004,6,19,3,15,900,,915,,,,,,,64.5413292817447,2,,27517,Cubuk (Adm2).
2004-0127-TUR,2004,0127,,Natural,Geophysical,Earthquake,Ground movement,,,Turkey,TUR,Western Asia,Asia,"Askale, Buyukgecit, Kucukgecit, Karabiyik, Kandilli villages (Askale district, Erzurum province)",,,,,,,,6,Richter,39.93,40.812,21:30,,2004,3,25,2004,3,25,9,30,4000,,4030,,,,,,,64.5413292817447,2,,27780,Askale (Adm2).
2004-0308-TUR,2004,0308,,Natural,Geophysical,Earthquake,Ground movement,,,Turkey,TUR,Western Asia,Asia,Dogubeyazit district (Agri province),,,,,,,,5,Richter,39.766,43.979,01:30,,2004,7,1,2004,7,1,18,21,335,,356,,,,,,,64.5413292817447,2,,27489,Dogubeyazit (Adm2).
2004-0424-TUR,2004,0424,,Natural,Hydrological,Flood,Flash flood,,,Turkey,TUR,Western Asia,Asia,"Zonguldak city (Merkez district, Zonguldak province), Kagithane, Esenler districts (Istanbul province)",Brief torrential rains,,,,,,,16750,Km2,,,,Nakdong and Hyeongsan rivers,2004,8,16,2004,8,17,2,,100,,100,,,,,,,64.5413292817447,2,,27898;27905;28373,"Esenler, Kagithane, Merkez (Adm2)."
2004-0209-TUR,2004,0209,,Natural,Hydrological,Flood,Riverine flood,,,Turkey,TUR,Western Asia,Asia,Hatay province,Heavy rains,,,,,,,,Km2,,,,,2004,5,14,2004,5,16,6,,,,,,,,,,,64.5413292817447,1,3052,,Hatay (Adm1).
2004-0026-TUR,2004,0026,,Natural,Meteorological,Storm,,,,Turkey,TUR,Western Asia,Asia,"Adana, Adiyaman, Afyon, Agri, Aksaray, Amasya, Ankara, Antalya, Ardahan, Artvin, Aydin, Balikesir, Bartin, Batman, Bayburt, Bilecik, Bingol, Bitlis, Bolu, Burdur, Bursa, Canakkale, Cankiri, Corum, Denizli, Diyarbakir, Edirne, Elazig, Erzincan, Erzurum, Eskisehir, Gaziantep, Giresun, Gumushane, Hakkari, Hatay, Icel, Igdir, Isparta, Istanbul, Izmir, K.maras, Karabuk, Karaman, Kars, Kastamonu, Kayseri, Kilis, Kirikkale, Kirklareli, Kirsehir, Kocaeli, Konya, Kutahya, Malatya, Manisa, Mardin, Mugla, Mus, Nevsehir, Nigde, Ordu, Osmaniye, Rize, Sakarya, Samsun, Sanliurfa, Siirt, Sinop, Sirnak, Sivas, Tekirdag, Tokat, Trabzon, Tunceli, Usak, Van, Yalova, Yozgat, Zonguldak provinces",,,,,,,,,Kph,,,,,2004,1,22,2004,1,25,8,,,,,,,,,,,64.5413292817447,1,3017;3018;3019;3020;3021;3022;3023;3024;3025;3026;3027;3028;3029;3030;3031;3032;3033;3034;3035;3036;3037;3038;3039;3040;3041;3042;3043;3044;3045;3046;3047;3048;3049;3050;3051;3052;3053;3054;3055;3056;3057;3058;3059;3060;3061;3062;3063;3064;3065;3066;3067;3068;3069;3070;3071;3072;3073;3074;3075;3076;3077;3078;3079;3080;3081;3082;3083;3084;3085;3086;3087;3088;3089;3090;3091;3092;3093;3094;3095;3096,,"Adana, Adiyaman, Afyon, Agri, Aksaray, Amasya, Ankara, Antalya, Ardahan, Artvin, Aydin, Balikesir, Bartin, Batman, Bayburt, Bilecik, Bingol, Bitlis, Bolu, Burdur, Bursa, Canakkale, Cankiri, Corum, Denizli, Diyarbakir, Edirne, Elazig, Erzincan, Erzurum, Eskisehir, Gaziantep, Giresun, Gumushane, Hakkari, Hatay, Icel, Igdir, Isparta, Istanbul, Izmir, K.maras, Karabuk, Karaman, Kars, Kastamonu, Kayseri, Kilis, Kirikkale, Kirklareli, Kirsehir, Kocaeli, Konya, Kutahya, Malatya, Manisa, Mardin, Mugla, Mus, Nevsehir, Nigde, Ordu, Osmaniye, Rize, Sakarya, Samsun, Sanliurfa, Siirt, Sinop, Sirnak, Sivas, Tekirdag, Tokat, Trabzon, Tunceli, Usak, Van, Yalova, Yozgat, Zonguldak (Adm1)."
2005-0045-TUR,2005,0045,,Natural,Meteorological,Storm,Convective storm,Winter storm/Blizzard,,Turkey,TUR,Western Asia,Asia,"Artvin, Bartin, Bolu, Giresun, Istanbul, Kastamonu, Kirklareli, Kocaeli, Ordu, Rize, Sakarya, Samsun, Sinop, Trabzon, Zonguldak provinces",Snowstorm,Transport accident,,,,,,,Kph,,,,,2005,1,1,2005,4,1,2,,,,,,,,,,,66.7310579862028,1,3026;3029;3035;3049;3056;3062;3066;3068;3078;3080;3081;3082;3085;3090;3096,,"Artvin, Bartin, Bolu, Giresun, Istanbul, Kastamonu, Kirklareli, Kocaeli, Ordu, Rize, Sakarya, Samsun, Sinop, Trabzon, Zonguldak (Adm1)."
2005-0070-TUR,2005,0070,,Natural,Geophysical,Earthquake,Ground movement,,,Turkey,TUR,Western Asia,Asia,"Batman city (Merkez district, Batman province), Siirt city (Merkez district, Siirt province), Adana, Van, Hakkari provinces",,,,,,,,6,Richter,37.622,43.703,,,2005,1,25,2005,1,25,2,22,400,,422,,,,,,,66.7310579862028,1;2,3017;3051;3093,27607;28246,"Adana, Hakkari, Van (Adm1). Merkez (Adm2)."
2005-0126-TUR,2005,0126,,Natural,Geophysical,Earthquake,Ground movement,,,Turkey,TUR,Western Asia,Asia,Karliova district (Bingol province),,,,,,,,6,Richter,39.354,40.89,03:55,,2005,3,14,2005,3,14,,18,2250,,2268,,,,,,,66.7310579862028,2,,27622,Karliova (Adm2).
2005-0119-TUR,2005,0119,,Natural,Hydrological,Landslide,Landslide,,,Turkey,TUR,Western Asia,Asia,"Sugozu village (Koyulhisar district, Sivas province)",,,,,,,,,,,,,,2005,3,17,2005,3,17,15,9,,,9,,,,,,,66.7310579862028,2,,28275,Koyulhisar (Adm2).
2005-0415-TUR,2005,0415,,Natural,Hydrological,Flood,Flash flood,,,Turkey,TUR,Western Asia,Asia,"Caykara area (Caykara district, Trabzon province), Guneyce area (Ikizdere district, Rize province)",Heavy rains,"Slide (land, mud, snow, rock)",,,,,,1670,Km2,,,,,2005,8,2,2005,8,3,7,,,,,,,,,,,66.7310579862028,2,,28198;28308,"Caykara, Ikizdere (Adm2)."
2005-0713-TUR,2005,0713,,Natural,Meteorological,Extreme temperature,Severe winter conditions,,,Turkey,TUR,Western Asia,Asia,"Agri, Istanbul, Ankara provinces",,Snow/ice,,,,,,,°C,,,,,2005,12,26,2006,2,6,17,150,,,150,,,,,,,66.7310579862028,1,3020;3023;3056,,"Agri, Ankara, Istanbul (Adm1)."
2005-0329-TUR,2005,0329,,Natural,Geophysical,Earthquake,Ground movement,,,Turkey,TUR,Western Asia,Asia,Karliova district (Bingol province),,,,,,,,6,Richter,39.22,41.08,,,2005,6,6,2005,6,6,,54,300,,354,,,,,,,66.7310579862028,2,,27622,Karliova (Adm2).
2005-0340-TUR,2005,0340,,Natural,Hydrological,Flood,,,,Turkey,TUR,Western Asia,Asia,"Kartal, Maltepe, Pendik districts (Istanbul province), Bolu, Sakarya provinces",,,,,,,,,Km2,,,,,2005,7,4,2005,7,4,,,3000,,3000,,,,,,,66.7310579862028,1;2,3035;3081,27906;27907;27908,"Bolu, Sakarya (Adm1). Kartal, Maltepe, Pendik (Adm2)."
2006-0619-TUR,2006,0619,,Natural,Hydrological,Flood,Flash flood,,,Turkey,TUR,Western Asia,Asia,"Antalya town (Merkez district, Antalya province), Mersin town (Merkez district, Icel province), Siverek, Ceylanpinar, Suruc districts (Sanliurfa province), Bismil, Cinar districts (Diyarbakir province), Cizre, Silopi, Uludere districts (Sirnak province), Merkez, Hasankeyf districts (Batman province), Beykoz, Sariyer districts (Istanbul province), Yuksekova, Semdinli districts (Hakkari province)",Torrential rains,,,,Yes,,,122300,Km2,37.64,39.65,,,2006,10,27,2006,11,7,47,15,63000,,63015,,,,,317000,460196,68.8837587123464,2,,27547;27605;27607;27737;27739;27845;27846;27865;27894;27909;28234;28239;28240;28259;28263;28264,"Beykoz, Bismil, Ceylanpinar, Cinar, Cizre, Hasankeyf, Merkez, Sariyer, Semdinli, Silopi, Siverek, Suruc, Uludere, Yuksekova (Adm2)."
2006-0334-TUR,2006,0334,,Natural,Hydrological,Flood,Riverine flood,,,Turkey,TUR,Western Asia,Asia,"Bitlis, Mus, Kirklareli, Trabzon, Rize provinces",Heavy rain,,,,,,,69640,Km2,39.74,41.1,,,2006,7,1,2006,7,3,12,,,,,,,,,,,68.8837587123464,1,3034;3066;3075;3080;3090,,"Bitlis, Kirklareli, Mus, Rize, Trabzon (Adm1)."
2006-0428-TUR,2006,0428,,Natural,Biological,Epidemic,Viral disease,,Crimean-Congo Haemorrhagic fever,Turkey,TUR,Western Asia,Asia,"Tokat, Sivas, Gümüshane, Amasya, Yozgat, Corum provinces",,,,,No,No,,,Vaccinated,,,,,2006,1,1,2006,8,4,20,,222,,222,,,,,,,68.8837587123464,,,,
2007-0235-TUR,2007,0235,HT-2007-000106,Natural,Meteorological,Extreme temperature,Heat wave,,,Turkey,TUR,Western Asia,Asia,"Burdur, Sinop provinces",,Wildfire,,,,,,43,°C,,,,,2007,6,,2007,6,,3,,,,,,,,,,,70.848792703253,1,3036;3085,,"Burdur, Sinop (Adm1)."
2007-0168-TUR,2007,0168,,Natural,Hydrological,Flood,Riverine flood,,,Turkey,TUR,Western Asia,Asia,"Ugurtas, Kacmaz, Karlica Demirkapi, Seyithanbey, Danakiran, Karayseyitali villages (Habur area, Hamur district, Agri province), Ercis area (Ercis district, Van province), Kalkanli area (Hizan district, Bitlis province), Bilek area (Sehitkamil district, Gaziantep province)",Heavy rain,,,,,,,38490,Km2,39.4,43.8,,,2007,5,27,2007,6,1,13,,750,,750,,,,,,,70.848792703253,2,,27340;27491;27631;27819;28340,"Ercis, Fatululic, Hamur, Hizan, Sehitkamil (Adm2)."
2007-0330-TUR,2007,0330,,Natural,Hydrological,Flood,Riverine flood,,,Turkey,TUR,Western Asia,Asia,"Aliceyrek, Akkeran, Danisment areas (Horasan district, Erzurum province)",Heavy rain,,,,,,,,Km2,,,,,2007,8,3,2007,8,3,2,,150,36,186,,,,,,,70.848792703253,2,,27783,Horasan (Adm2).
2007-0554-TUR,2007,0554,,Natural,Hydrological,Flood,Riverine flood,,,Turkey,TUR,Western Asia,Asia,"Marmaris, Bodrum districts (Mugla province), Tekirdag, Edirne provinces",Heavy rains,,,,,,,,Km2,41.74,26.62,,Tunca,2007,11,16,2007,11,21,1,,2250,,2250,,,,,,,70.848792703253,1;2,3043;3088,28133;28139,"Edirne, Tekirdag (Adm1). Bodrum, Marmaris (Adm2)."
2008-0318-TUR,2008,0318,,Natural,Climatological,Wildfire,Forest fire,,,Turkey,TUR,Western Asia,Asia,"Karatas (Korkuteli district, Antalya province)","Drought, high winds, heat waves, human factors",,,,,,,,Km2,,,,,2008,8,1,2008,8,5,2,,,300,300,,,,,,,73.5687455355046,2,,27544,Korkuteli (Adm2).
2009-0054-TUR,2009,0054,,Natural,Hydrological,Landslide,Avalanche,,,Turkey,TUR,Western Asia,Asia,"Zigana area (Torul district, Gumushane province)",High temperatures,,,,,,,,,,,,,2009,1,25,2009,1,25,11,,6,,6,,,,,,,73.3071767219387,2,,27842,Torul (Adm2).
2009-0262-TUR,2009,0262,,Natural,Hydrological,Flood,Riverine flood,,,Turkey,TUR,Western Asia,Asia,"Savsat city (Savsat district, Artvin province), Sinop town (Merkez district, Sinop province), Bogazcik area (Persembe district, Ordu province), Amasra, Kurucasile, Merkez districts (Bartin province)",Heavy rains,"Slide (land, mud, snow, rock)",,,,,,26430,Km2,41,40.04,,,2009,7,10,2009,7,16,7,11,100,,111,,,,,,,73.3071767219387,2,,27561;27599;27600;27601;28181;28255,"Amasra, Kurucasile, Merkez, Persembe, Savsat (Adm2)."
2009-0507-TUR,2009,0507,,Natural,Hydrological,Landslide,Landslide,,,Turkey,TUR,Western Asia,Asia,"Trabzon city (Merkez district, Trabzon province), Giresun city (Merkez district, Giresun province)",Torrential rain,"Slide (land, mud, snow, rock)",,,,,,15630,,40.83,40.41,,,2009,11,21,2009,11,22,4,,,,,,,,,,,73.3071767219387,2,,27832;28314,Merkez (Adm2).
2009-0355-TUR,2009,0355,FL-2009-000190,Natural,Hydrological,Flood,Flash flood,,,Turkey,TUR,Western Asia,Asia,"Ikitelli, Halkali, Basaksehir villages (K.cekmece district, Istanbul province), Kilyos village (Sariyer district, Istanbul province), Silivri, Catalca districts (Istanbul province), Kumbag city (Merkez district, Tekirdag province), Saray district (Tekirdag province)",Heavy rains,,,,,,,3167,Km2,41.09,38.95,,,2009,9,7,2009,9,10,40,20,35000,,35020,,,250000,341031,550000,750268,73.3071767219387,2,,27896;27903;27909;27911;28287;28289,"Catalca, K.cekmece, Merkez, Saray, Sariyer, Silivri (Adm2)."
2010-0093-TUR,2010,0093,,Natural,Geophysical,Earthquake,Ground movement,,,Turkey,TUR,Western Asia,Asia,"Basyurt village (Karakocan district, Elazig province), Demirci, Kovancilar, Okcular villages (Kovancilar district, Elazig province)",,,,,,,,6,Richter,38.864,39.986,04:32,,2010,3,8,2010,3,8,51,100,3500,,3600,,,,,,,74.5094440781961,2,,27764;27766,"Karakocan, Kovancilar (Adm2)."
2010-0438-TUR,2010,0438,,Natural,Hydrological,Landslide,Landslide,,,Turkey,TUR,Western Asia,Asia,"Gundogdu village (Merkez district, Rize province)",Torrential rains,,,,,,,,,,,,,2010,8,27,2010,8,27,13,6,,200,206,,,,,,,74.5094440781961,2,,28201,Merkez (Adm2).
2011-0170-TUR,2011,0170,,Natural,Geophysical,Earthquake,Ground movement,,,Turkey,TUR,Western Asia,Asia,Simav district (Kutahya province),,,,,,,,6,Richter,39.149,29.103,,,2011,5,19,2011,5,19,3,121,,10000,10121,,,4000,5204,244000,317454,76.8615953778198,2,,28091,Simav (Adm2).
2011-0377-TUR,2011,0377,,Natural,Hydrological,Flood,Riverine flood,,,Turkey,TUR,Western Asia,Asia,"Haskiziloren village (Serik district, Antalya province), Karabayir village (Cameli district, Denizli province), Yanikdag village (Gordes district, Manisa province)",Heavy rains,"Slide (land, mud, snow, rock)",,,Yes,,,,Km2,,,,,2011,10,8,2011,10,11,8,3,,,3,,,,,,,76.8615953778198,2,,27548;27727;28112,"Cameli, Gordes, Serik (Adm2)."
2011-0397-TUR,2011,0397,EQ-2011-000162,Natural,Geophysical,Earthquake,Ground movement,,,Turkey,TUR,Western Asia,Asia,"Van, Bitlis, Hakkari provinces",,,,Yes,,,32934,7,Richter,38.721,43.508,13:41,,2011,10,23,2011,10,23,604,4152,6786,22000,32938,,,90000,117094,1500000,1951560,76.8615953778198,1,3034;3051;3093,,"Bitlis, Hakkari, Van (Adm1)."
2011-0467-TUR,2011,0467,,Natural,Geophysical,Earthquake,Ground movement,,,Turkey,TUR,Western Asia,Asia,Van province,,,,,,,,6,Richter,38.429,43.229,21:30,,2011,11,9,2011,11,9,40,30,,75,105,,,,,,,76.8615953778198,1,3093,,Van (Adm1).
2012-0194-TUR,2012,0194,,Natural,Hydrological,Flood,Riverine flood,,,Turkey,TUR,Western Asia,Asia,"Samsun, Canik areas (Merkez district, Samsun province)",Heavy rains,,,,,,,,Km2,,,,,2012,7,4,2012,7,4,13,,,,,,,,,,,78.4521138829003,2,,28225,Merkez (Adm2).
2013-0016-TUR,2013,0016,,Natural,Hydrological,Landslide,Landslide,,,Turkey,TUR,Western Asia,Asia,Sirnak province,Heavy rains,,,,,,,,,,,,,2013,1,28,2013,1,28,7,,,,,,,,,,,79.6013094233451,1,3086,,Sirnak (Adm1).
2014-0174-TUR,2014,0174,,Natural,Geophysical,Earthquake,Ground movement,,,Turkey,TUR,Western Asia,Asia,"Tekirdag, Canakkale provinces",,,,,,,,7,Richter,40.2893,25.3889,,,2014,5,24,2014,5,24,,324,,,324,,,,,,,80.8926237222027,1,3038;3088,,"Canakkale, Tekirdag (Adm1)."
2015-0038-TUR,2015,0038,,Natural,Hydrological,Flood,Riverine flood,,,Turkey,TUR,Western Asia,Asia,"Edirne city, Karaagac borough, Degirmenyeni village (Merkez district, Edirne province)",,Wildfire,,,,,,,Km2,,,,,2015,1,30,2015,2,2,8,,5000,1500,6500,,,,,,,80.9885789905908,2,,27757,Merkez (Adm2).
2015-0390-TUR,2015,0390,,Natural,Hydrological,Flood,Flash flood,,,Turkey,TUR,Western Asia,Asia,Artvin province,Pouring rainfall,,,,,,,,Km2,,,,,2015,8,25,2015,8,25,9,,,,,,,,,,,80.9885789905908,1,3026,,Artvin (Adm1).
2017-0566-TUR,2017,0566,,Natural,Meteorological,Storm,Convective storm,Lightning/Thunderstorms,,Turkey,TUR,Western Asia,Asia,Istanbul,,Hail,Flood,,,,,,Kph,,,,,2017,7,27,2017,7,27,,,270,,270,,,300000,358178,600000,716356,83.7572545519631,1,3056,,Istanbul (Adm1).
2017-0280-TUR,2017,0280,,Natural,Geophysical,Earthquake,Ground movement,,,Turkey,TUR,Western Asia,Asia,Bodrum,,Tsunami/Tidal wave,,,,,,7,Richter,,,01:31,,2017,7,21,2017,7,21,,360,,,360,,,,,,,83.7572545519631,2,,28133,Bodrum (Adm2).
2018-0272-TUR,2018,0272,,Natural,Hydrological,Landslide,Landslide,,,Turkey,TUR,Western Asia,Asia,Sarilar village (Tekirdag region),Heavy rains,Transport accident,,,,,,,,,,,,2018,7,8,2018,7,8,24,100,,,100,,,,,,,85.8030260572654,2,,28287,Merkez (Adm2).
2019-0274-TUR,2019,0274,,Natural,Hydrological,Flood,Flash flood,,,Turkey,TUR,Western Asia,Asia,Arakli District (Trabzon Province),Heavy rains,,,,,,,12361,Km2,40.706,41.047,,,2019,6,18,2019,6,20,10,,70,,70,,,,,,,87.3580067738847,2,,28304,Arakli (Adm2).
1924-0009-TUR,1924,0009,,Natural,Geophysical,Earthquake,Ground movement,,,Turkey,TUR,Western Asia,Asia,Erzurum,,,,,,,,5,Richter,39.7,42.8,03:52,,1924,5,13,1924,5,13,50,,,,,,,,,,,5.8691138822542,,,,
1924-0011-TUR,1924,0011,,Natural,Geophysical,Earthquake,Ground movement,,,Turkey,TUR,Western Asia,Asia,Erzurum,,,,,,,,7,Richter,39.897,41.891,16:34,,1924,9,13,1924,9,13,60,,,1140,1140,,,,,,,5.8691138822542,,,,
1925-0009-TUR,1925,0009,,Natural,Geophysical,Earthquake,Ground movement,,,Turkey,TUR,Western Asia,Asia,Ardahan,,,,,,,,6,Richter,41.2,42.8,20:38,,1925,1,9,1925,1,9,200,,,,,,,,,,,6.0058699338795,,,,
1925-0013-TUR,1925,0013,,Natural,Geophysical,Earthquake,Ground movement,,,Turkey,TUR,Western Asia,Asia,Dinar,,,,,,,,6,Richter,38,30.5,09:46,,1925,8,7,1925,8,7,3,,,6129,6129,,,,,,,6.0058699338795,,,,
1934-0020-TUR,1934,0020,,Natural,Geophysical,Earthquake,Ground movement,,,Turkey,TUR,Western Asia,Asia,Diyarbakir (Kurdistan),,,,,,,,,Richter,37.919,40.211,,,1934,11,27,1934,11,27,100,,,,,,,,,,,4.581327729449,,,,
1934-0021-TUR,1934,0021,,Natural,Geophysical,Earthquake,Ground movement,,,Turkey,TUR,Western Asia,Asia,Diyarbakir (Kurdistan),,,,,,,,,Richter,37.919,40.211,,,1934,12,15,1934,12,15,20,,,,,,,,,,,4.581327729449,,,,
1935-0031-TUR,1935,0031,,Natural,Geophysical,Earthquake,Ground movement,,,Turkey,TUR,Western Asia,Asia,Kigi,,,,,,,,6,Richter,39.3,40.6,13:24,,1935,5,1,1935,5,1,540,,,,,,,,,,,4.6952911058033,,,,
1940-0033-TUR,1940,0033,,Natural,Geophysical,Earthquake,Ground movement,,,Turkey,TUR,Western Asia,Asia,Cis,,,,,,,,6,Richter,41.7,43.8,01:23,,1940,5,8,1940,5,8,16,,,,,,,,,,,4.7978581445223,,,,
1941-0032-TUR,1941,0032,,Natural,Geophysical,Earthquake,Ground movement,,,Turkey,TUR,Western Asia,Asia,"Van, Ercis",,,,,,,,6,Richter,39.5,43.3,00:53,,1941,9,11,1941,9,11,430,,,,,,,,,,,5.0371812348667,,,,
1941-0034-TUR,1941,0034,,Natural,Geophysical,Earthquake,Ground movement,,,Turkey,TUR,Western Asia,Asia,Erzincan,,,,,,,,6,Richter,39.7,39.4,13:04,,1941,11,12,1941,11,12,15,,,,,,,,,,,5.0371812348667,,,,
1942-0043-TUR,1942,0043,,Natural,Geophysical,Earthquake,Ground movement,,,Turkey,TUR,Western Asia,Asia,,,,,,,,,6,Richter,39.2,28.2,20:01,,1942,11,15,1942,11,15,16,,,,,,,,,,,5.5956017790036,,,,
1942-0044-TUR,1942,0044,,Natural,Geophysical,Earthquake,Ground movement,,,Turkey,TUR,Western Asia,Asia,"Kastomonu, Kargi",,,,,,,,,Richter,40.3,34.6,17:01,,1942,11,21,1942,11,21,17,,,,,,,,,,,5.5956017790036,,,,
1943-0051-TUR,1943,0051,,Natural,Geophysical,Earthquake,Ground movement,,,Turkey,TUR,Western Asia,Asia,Hendek,,,,,,,,7,Richter,40.8,30.5,18:32,,1943,1,20,1943,1,20,285,,,,,,,,,,,5.9260955704314,,,,
1943-0054-TUR,1943,0054,,Natural,Geophysical,Earthquake,Ground movement,,,Turkey,TUR,Western Asia,Asia,"Hundek, Adapazari",,,,,,,,6,Richter,40.6,30.5,18:33,,1943,6,20,1943,6,20,285,,,,,,,,,,,5.9260955704314,,,,
1943-0055-TUR,1943,0055,,Natural,Geophysical,Earthquake,Ground movement,,,Turkey,TUR,Western Asia,Asia,Anatolia,,,,,,,,,Richter,40,40,,,1943,12,5,1943,12,5,550,,,,,,,,,,,5.9260955704314,,,,
1944-0046-TUR,1944,0046,,Natural,Geophysical,Earthquake,Ground movement,,,Turkey,TUR,Western Asia,Asia,Usak,,,,,,,,6,Richter,38.9,29.3,07:16,,1944,6,25,1944,6,25,21,,,,,,,,,,,6.0286626091504,,,,
1945-0017-TUR,1945,0017,,Natural,Geophysical,Earthquake,Ground movement,,,Turkey,TUR,Western Asia,Asia,"Aelana, Veyhan, Adana",,,,,,,,6,Richter,37.4,35.8,10:59,,1945,3,20,1945,3,20,300,,,,,,,,,,,6.1654186607757,,,,
1945-0019-TUR,1945,0019,,Natural,Geophysical,Earthquake,Ground movement,,,Turkey,TUR,Western Asia,Asia,"Van, Bolgesi",,,,,,,,,Richter,38.5,43.3,11:56,,1945,7,29,1945,7,29,300,,,,,,,,,,,6.1654186607757,,,,
1946-0028-TUR,1946,0028,,Natural,Geophysical,Earthquake,Ground movement,,,Turkey,TUR,Western Asia,Asia,"IIgin, Konya",,,,,,,,6,Richter,38.2,31.8,18:43,,1946,2,21,1946,2,21,12,,,,,,,,,,,6.6782538543708,,,,
1950-0035-TUR,1950,0035,,Natural,Geophysical,Earthquake,Ground movement,,,Turkey,TUR,Western Asia,Asia,,,,,,,,,,Richter,40,40,12:31,,1950,2,4,1950,2,4,20,,,,,,,,,,,8.2395521104268,,,,
1952-0039-TUR,1952,0039,,Natural,Geophysical,Earthquake,Ground movement,,,Turkey,TUR,Western Asia,Asia,"Pasinler (Hasankale), Erzican",,,,,,,,,Richter,39.8,39.5,,,1952,6,3,1952,6,3,94,,,,,,,,,,,9.0942774330851,,,,
1953-0064-TUR,1953,0064,,Natural,Geophysical,Earthquake,Ground movement,,,Turkey,TUR,Western Asia,Asia,Edirne,,,,,,,,,Richter,41.4,26.3,08:44,,1953,6,18,1953,6,18,37,,,,,,,,,,,9.1626554588977,,,,
1966-0141-TUR,1966,0141,,Natural,Geophysical,Earthquake,Ground movement,,,Turkey,TUR,Western Asia,Asia,"Varto, Mus",,,,,,,,6,Richter,39.1,41.6,04:16,,1966,3,7,1966,3,7,10,,,,,,,,,,,11.0909971475822,,,,
1966-0142-TUR,1966,0142,,Natural,Geophysical,Earthquake,Ground movement,,,Turkey,TUR,Western Asia,Asia,,,,,,,,,5,Richter,38.9,41.3,03:04,,1966,7,12,1966,7,12,12,20,,,20,,,,,,,11.0909971475822,,,,
1967-0136-TUR,1967,0136,,Natural,Geophysical,Earthquake,Ground movement,,,Turkey,TUR,Western Asia,Asia,Tunceli,,,,,,,,6,Richter,39.5,40.4,21:53,,1967,7,26,1967,7,26,97,,,,,,,,,,,11.3985269797253,,,,
1970-0134-TUR,1970,0134,,Natural,Geophysical,Earthquake,Ground movement,,,Turkey,TUR,Western Asia,Asia,"Demirci, Manisa",,,,,,,,6,Richter,39.1,28.7,12:01,,1970,4,23,1970,4,23,,43,750,,793,,,,,,,13.2664799609959,,,,
1979-0300-TUR,1979,0300,,Natural,Geophysical,Earthquake,Ground movement,,,Turkey,TUR,Western Asia,Asia,"Dursunvey, Anatolia",,,,,,,,5,Richter,39.672,28.66,16:12,,1979,7,18,1979,7,18,,,,1000,1000,,,,,,,24.7988405675032,,,,
2019-0357-TUR,2019,0357,,Natural,Hydrological,Flood,Flash flood,,,Turkey,TUR,Western Asia,Asia,Akçakoca District (Düzce Province),,"Slide (land, mud, snow, rock)",,,,,,,Km2,,,,,2019,7,17,2019,7,18,7,,220,,220,,,,,,,87.3580067738847,2,,27640,Duzce (Adm2).
2019-0479-TUR,2019,0479,,Natural,Geophysical,Earthquake,Ground movement,,,Turkey,TUR,Western Asia,Asia,Istanbul,,,,,,,,6,Richter,40.89,28.173,13:59,,2019,9,26,2019,9,26,1,34,1419,,1453,,,,,,,87.3580067738847,1,3056,,Istanbul (Adm1).
2019-0462-TUR,2019,0462,,Natural,Hydrological,Flood,Flash flood,,,Turkey,TUR,Western Asia,Asia,Bakirkoy and Fatih districts (Istanbul),,,,,,,,,Km2,,,,,2019,8,17,2019,8,17,1,,15000,,15000,,,10000,11447,,,87.3580067738847,2,,27891;27900,"Bakirkoy, Fatih (Adm2)."
2020-0005-TUR,2020,0005,,Natural,Meteorological,Storm,Convective storm,Severe storm,,Turkey,TUR,Western Asia,Asia,Mut District; Erdemli District; Antalya Province,,Snow/ice,,,,,,,Kph,,,,,2020,1,7,2020,1,9,2,,300,,300,,,,,,,88.4356408059336,1;2,3024,27863;27866,"Antalya (Adm1). Erdemli, Mut (Adm2)."
2020-0034-TUR,2020,0034,,Natural,Geophysical,Earthquake,Ground movement,,,Turkey,TUR,Western Asia,Asia,Sivrice District (Elazig province); Malatya Provinces),,,,,,,,7,Richter,38.39,44.367,20:55,39.081,2020,1,24,2020,1,24,41,1607,69000,,70607,,,,,340000,384460,88.4356408059336,1;2,3071,27770,Malatya (Adm1). Sivrice (Adm2).
2020-0073-TUR,2020,0073,,Natural,Geophysical,Earthquake,Ground movement,,,Turkey,TUR,Western Asia,Asia,Van City (Baskale district),,,,,,,,6,Richter,38.543,44.447,09:23,,2020,2,23,2020,2,23,9,50,,3000,3050,,,,,,,88.4356408059336,2,,28336,Baskale (Adm2).
2020-0251-TUR,2020,0251,,Natural,Geophysical,Earthquake,Ground movement,,,Turkey,TUR,Western Asia,Asia,"Karl?ova, Yedisu, Adakl? districts (Bingöl); Çat district (Erzurum)",,,,,,,,6,Richter,39.421,40.697,17:24,,2020,6,14,2020,6,14,1,35,6600,,6635,,,,,,,88.4356408059336,2,,27620;27622;27627;27781,"Adakli, Cat, Karliova, Yedisu (Adm2)."
2020-0279-TUR,2020,0279,,Natural,Geophysical,Earthquake,Ground movement,,,Turkey,TUR,Western Asia,Asia,"Özalp, Saray, Gürpinar Districts (Van Province)",,,,,,,,5,Richter,38.558,44.023,13:03,,2020,6,25,2020,6,25,,5,273,,278,,,,,,,88.4356408059336,2,,28342;28346;28347,"Gurpinar, Ozalp, Saray (Adm2)."
2020-0466-TUR,2020,0466,,Natural,Geophysical,Earthquake,Ground movement,,,Turkey,TUR,Western Asia,Asia,"Izmir Bornova, Bayrakli and Karsiyaka",,,,,,,,7,Richter,37.913,26.779,14:57,,2020,10,30,2020,10,30,115,1034,,5000,6034,,,,,450000,508845,88.4356408059336,2,,27923;27937,"Bornova, Konak (Adm2)."
2020-0253-TUR,2020,0253,,Natural,Hydrological,Flood,Flash flood,,,Turkey,TUR,Western Asia,Asia,"Anatolia region, Ankara",,,,,,,,,Km2,,,,,2020,6,11,2020,6,12,1,,750,,750,,,,,,,88.4356408059336,1,3023,,Ankara (Adm1).
2020-0287-TUR,2020,0287,,Natural,Hydrological,Flood,Flash flood,,,Turkey,TUR,Western Asia,Asia,"Kestel, Orhangazi, Yenisehir, Iznik, Gürsu districts (Bursa province)",,,,,,,,,Km2,,,,,2020,6,21,2020,6,23,7,,72,,72,,,,,35000,39577,88.4356408059336,2,,27665;27668;27671;27676;27678,"Gursu, Iznik, Kestel, Orhangazi, Yenisehir (Adm2)."
2020-0044-TUR,2020,0044,,Natural,Hydrological,Landslide,Avalanche,,,Turkey,TUR,Western Asia,Asia,Bahçesaray and Çatak districts (Van province),,,,,,,,,,,,,,2020,2,4,2020,2,5,41,84,,,84,,,,,,,88.4356408059336,2,,28335;28338,"Bahcesaray, Catak (Adm2)."
2020-0597-TUR,2020,0597,,Natural,Hydrological,Flood,,,,Turkey,TUR,Western Asia,Asia,"Samsun, Rize, Trabzon, Do?ankent, Dereli, Ya?lidere (Giresun Province)",,,,,,,,,Km2,,,,,2020,8,22,2020,8,23,16,,,,,,,,,250000,282691,88.4356408059336,1;2,3080;3082;3090,27825;27826;27836,"Rize, Samsun, Trabzon (Adm1). Dereli, Dogankent, Yaglidere (Adm2)."
2021-0501-TUR,2021,0501,,Natural,Hydrological,Flood,,,,Turkey,TUR,Western Asia,Asia,"Ulus (Bartin); Azdavay, ?nebolu, Bozkurt, Küre and P?narba?? (Kastamonu) Ayanc?k (Sinop)",Heavy rains,"Slide (land, mud, snow, rock)",,,,,,,Km2,,,,,2021,8,10,2021,8,16,70,360,2300,,2660,,,,,290000,313208,92.5901929309929,2,,27602;27982;27983;27991;27992;27994;28249,"Ayancik, Azdavay, Bozkurt, Inebolu, Kure, Pinarbasi, Ulus (Adm2)."
2021-0454-TUR,2021,0454,,Natural,Climatological,Wildfire,Forest fire,,,Turkey,TUR,Western Asia,Asia,"Antalya Mugla, Mersin, Adana, Osmaniye provinces",,Heat wave,,,,,,,Km2,,,,,2021,7,28,2021,8,7,9,122,560966,,561088,,,,,232000,250566,92.5901929309929,1,3017;3024;3053;3074;3079,,"Adana, Antalya, Icel, Mugla, Osmaniye (Adm1)."
2021-0494-TUR,2021,0494,,Natural,Hydrological,Flood,,,,Turkey,TUR,Western Asia,Asia,Rize and Artvin,Torrential rains,,,,,,,,Km2,,,,,2021,7,21,2021,7,21,3,,4500,,4500,,,,,23000,24841,92.5901929309929,1,3026;3080,,"Artvin, Rize (Adm1)."
2022-0358-TUR,2022,0358,,Natural,Hydrological,Flood,,,,Turkey,TUR,Western Asia,Asia,"Karama; Akyurt, Alt?nda?, Çankaya, Keçiören, Yenimahalle, Mamak and Gölba?? districts. (Ankara); Yenifak?l? Yerköy and Bo?azl?yan districts (Yozgat province)",Heavy rains,"Slide (land, mud, snow, rock)",,,,,,,Km2,,,,,2022,6,11,2022,6,15,3,,,,,,,,,,,100,1,3023;3060;3095,,"Ankara, Karaman, Yozgat (Adm1)."
2022-0765-TUR,2022,0765,,Natural,Geophysical,Earthquake,Ground movement,,,Turkey,TUR,Western Asia,Asia,"Düzce, Sakarya, Bolu, Zonguldak, Bursa, Istanbul",,,,,,,,6,Richter,40.847,30.967,04:08,,2022,11,23,2022,11,23,2,93,213,,306,,,,,50000,50000,100,1;2,3037;3056;3081;3096,27640,"Bursa, Istanbul, Sakarya, Zonguldak (Adm1). Duzce (Adm2)."
2022-0812-TUR,2022,0812,,Natural,Hydrological,Flood,Flash flood,,,Turkey,TUR,Western Asia,Asia,Antalya Province,Heavy rains,,,,,,,,Km2,,,,,2022,12,11,2022,12,12,,,3000,,3000,,,,,,,100,1,3024,,Antalya (Adm1).
2022-0365-TUR,2022,0365,,Natural,Hydrological,Flood,,,,Turkey,TUR,Western Asia,Asia,"Ankara; Denizli, Burdur, Sivas, Karaman, Yozgat provinces",Heavy rains,,,,,,,,Km2,,,,,2022,6,3,2022,6,11,,,,,,,,,,,,100,1,3023;3036;3041;3060;3087;3095,,"Ankara, Burdur, Denizli, Karaman, Sivas, Yozgat (Adm1)."
2023-0054-TUR,2023,0054,EQ-2023-000015,Natural,Geophysical,Earthquake,Ground movement,,,Turkey,TUR,Western Asia,Asia,"Gaziantep; Pazarcik District (Kahramanmaras); Sanliurfa, Diyarbakir, Adana, Adiyaman, Osmaniye, Hatay, Kilis, Elazig, Malatya",,Fire,,,Yes,Yes,,8,Richter,38.055,36.51,04:17,,2023,2,6,2023,2,6,50096,107204,9100000,,9207204,100000000,,,,34000000,,,1;2,3017;3018;3042;3044;3048;3052;3064;3071;3079;3083,27957,"Adana, Adiyaman, Diyarbakir, Elazig, Gaziantep, Hatay, Kilis, Malatya, Osmaniye, Sanliurfa (Adm1). Pazarcik (Adm2)."
2023-0252-TUR,2023,0252,,Natural,Meteorological,Storm,Convective storm,Tornado,,Turkey,TUR,Western Asia,Asia,Pazarcik City (southern Kahramanmaras Province),,,,,,,,,Kph,,,,,2023,4,20,2023,4,20,1,50,504,,554,,,,,,,,,,,
2023-0091-TUR,2023,0091,,Natural,Geophysical,Earthquake,Ground movement,,,Turkey,TUR,Western Asia,Asia,"Defne District (Hatay Province, southern Türkiye)",,,,,,,,6,Richter,36.159,36.034,20:04,,2023,2,20,2023,2,20,6,294,,,294,,,,,,,,,,,
2023-0107-TUR,2023,0107,,Natural,Geophysical,Earthquake,Ground movement,,,Turkey,TUR,Western Asia,Asia,Yesilyurt District (Malatya province),,,,,,,,5,Richter,,,12:04,,2023,2,27,2023,2,27,1,110,,90,200,,,,,,,,2,,28106,Yesilyurt (Adm2).
2023-0141-TUR,2023,0141,,Natural,Hydrological,Flood,,,,Turkey,TUR,Western Asia,Asia,Adiyaman and Sanliurfa provinces,,,,,,,,,Km2,,,,,2023,3,14,2023,3,15,19,,,,,,,,,,,,1,3018;3083,,"Adiyaman, Sanliurfa (Adm1)."
